user1,room1
user2,room2
user3,room3
user4,room4
user5,room1
user6,room2
user7,room3
user8,room4
user9,room1
user10,room2
user11,room3
user12,room4
user13,room1
user14,room2
user15,room3
user16,room4
user17,room1
user18,room2
user19,room3
user20,room4
user21,room1
user22,room2
user23,room3
user24,room4
user25,room1
user26,room2
user27,room3
user28,room4
user29,room1
user30,room2
user31,room3
user32,room4
user33,room1
user34,room2
user35,room3
user36,room4
user37,room1
user38,room2
user39,room3
user40,room4
user41,room1
user42,room2
user43,room3
user44,room4
user45,room1
user46,room2
user47,room3
user48,room4
user49,room1
user50,room2
user51,room3
user52,room4
user53,room1
user54,room2
user55,room3
user56,room4
user57,room1
user58,room2
user59,room3
user60,room4
user61,room1
user62,room2
user63,room3
user64,room4
user65,room1
user66,room2
user67,room3
user68,room4
user69,room1
user70,room2
user71,room3
user72,room4
user73,room1
user74,room2
user75,room3
user76,room4
user77,room1
user78,room2
user79,room3
user80,room4
user81,room1
user82,room2
user83,room3
user84,room4
user85,room1
user86,room2
user87,room3
user88,room4
user89,room1
user90,room2
user91,room3
user92,room4
user93,room1
user94,room2
user95,room3
user96,room4
user97,room1
user98,room2
user99,room3
user100,room4