description1,true
description2,false
description3,true
description4,false
description5,true
description6,false
description7,true
description8,false
description9,true
description10,false
description11,true
description12,false
description13,true
description14,false
description15,true
description16,false
description17,true
description18,false
description19,true
description20,false
description21,true
description22,false
description23,true
description24,false
description25,true
description26,false
description27,true
description28,false
description29,true
description30,false
description31,true
description32,false
description33,true
description34,false
description35,true
description36,false
description37,true
description38,false
description39,true
description40,false
description41,true
description42,false
description43,true
description44,false
description45,true
description46,false
description47,true
description48,false
description49,true
description50,false
description51,true
description52,false
description53,true
description54,false
description55,true
description56,false
description57,true
description58,false
description59,true
description60,false
description61,true
description62,false
description63,true
description64,false
description65,true
description66,false
description67,true
description68,false
description69,true
description70,false
description71,true
description72,false
description73,true
description74,false
description75,true
description76,false
description77,true
description78,false
description79,true
description80,false
description81,true
description82,false
description83,true
description84,false
description85,true
description86,false
description87,true
description88,false
description89,true
description90,false
description91,true
description92,false
description93,true
description94,false
description95,true
description96,false
description97,true
description98,false
description99,true
description100,false
description101,true
description102,false
description103,true
description104,false
description105,true
description106,false
description107,true
description108,false
description109,true
description110,false
description111,true
description112,false
description113,true
description114,false
description115,true
description116,false
description117,true
description118,false
description119,true
description120,false
description121,true
description122,false
description123,true
description124,false
description125,true
description126,false
description127,true
description128,false
description129,true
description130,false
description131,true
description132,false
description133,true
description134,false
description135,true
description136,false
description137,true
description138,false
description139,true
description140,false
description141,true
description142,false
description143,true
description144,false
description145,true
description146,false
description147,true
description148,false
description149,true
description150,false
description151,true
description152,false
description153,true
description154,false
description155,true
description156,false
description157,true
description158,false
description159,true
description160,false
description161,true
description162,false
description163,true
description164,false
description165,true
description166,false
description167,true
description168,false
description169,true
description170,false
description171,true
description172,false
description173,true
description174,false
description175,true
description176,false
description177,true
description178,false
description179,true
description180,false
description181,true
description182,false
description183,true
description184,false
description185,true
description186,false
description187,true
description188,false
description189,true
description190,false
description191,true
description192,false
description193,true
description194,false
description195,true
description196,false
description197,true
description198,false
description199,true
description200,false