title1,description1
title2,description2
title3,description3
title4,description4
title5,description5
title6,description6
title7,description7
title8,description8
title9,description9
title10,description10
title11,description11
title12,description12
title13,description13
title14,description14
title15,description15
title16,description16
title17,description17
title18,description18
title19,description19
title20,description20
title21,description21
title22,description22
title23,description23
title24,description24
title25,description25
title26,description26
title27,description27
title28,description28
title29,description29
title30,description30
title31,description31
title32,description32
title33,description33
title34,description34
title35,description35
title36,description36
title37,description37
title38,description38
title39,description39
title40,description40
title41,description41
title42,description42
title43,description43
title44,description44
title45,description45
title46,description46
title47,description47
title48,description48
title49,description49
title50,description50